{"cameraMode":{"drawMode":0,"name":"Shaded","section":"Shading Mode"},"sceneLighting":true,"audioPlay":false,"sceneViewState":{"m_AlwaysRefresh":false,"showFog":true,"showSkybox":true,"showFlares":true,"showImageEffects":true,"showParticleSystems":true,"showVisualEffectGraphs":true,"m_FxEnabled":true},"in2DMode":false,"pivot":{"x":10.999999046325684,"y":4.150000095367432,"z":-0.10000000149011612},"rotation":{"x":0.019582798704504968,"y":0.726267397403717,"z":-0.020702121779322625,"w":0.6868281960487366},"size":4.554666042327881,"orthographic":true}