{"cameraMode":{"drawMode":0,"name":"Shaded","section":"Shading Mode"},"sceneLighting":true,"audioPlay":false,"sceneViewState":{"m_AlwaysRefresh":false,"showFog":true,"showSkybox":true,"showFlares":true,"showImageEffects":true,"showParticleSystems":true,"showVisualEffectGraphs":true,"m_FxEnabled":true},"in2DMode":false,"pivot":{"x":9.912811279296875,"y":1.4971693754196168,"z":-6.147859573364258},"rotation":{"x":-0.05246441438794136,"y":0.8993513584136963,"z":-0.11255178600549698,"w":-0.41923287510871889},"size":0.9221693277359009,"orthographic":true}