{"cameraMode":{"drawMode":0,"name":"Shaded","section":"Shading Mode"},"sceneLighting":true,"audioPlay":false,"sceneViewState":{"m_AlwaysRefresh":false,"showFog":true,"showSkybox":true,"showFlares":true,"showImageEffects":true,"showParticleSystems":true,"showVisualEffectGraphs":true,"m_FxEnabled":true},"in2DMode":false,"pivot":{"x":-1.8928455114364625,"y":1.6356632709503174,"z":2.8559021949768068},"rotation":{"x":-0.00231472821906209,"y":0.9662514328956604,"z":0.008697128854691983,"w":0.25745561718940737},"size":7.044789791107178,"orthographic":true}