{"cameraMode":{"drawMode":0,"name":"Shaded","section":"Shading Mode"},"sceneLighting":true,"audioPlay":false,"sceneViewState":{"m_AlwaysRefresh":false,"showFog":true,"showSkybox":true,"showFlares":true,"showImageEffects":true,"showParticleSystems":true,"showVisualEffectGraphs":true,"m_FxEnabled":true},"in2DMode":false,"pivot":{"x":5.772369384765625,"y":1.660253643989563,"z":3.2807414531707765},"rotation":{"x":0.20525650680065156,"y":0.5887786746025086,"z":-0.15782353281974793,"w":0.7657179236412048},"size":13.894193649291993,"orthographic":true}