{"cameraMode":{"drawMode":0,"name":"Shaded","section":"Shading Mode"},"sceneLighting":true,"audioPlay":false,"sceneViewState":{"m_AlwaysRefresh":false,"showFog":true,"showSkybox":true,"showFlares":true,"showImageEffects":true,"showParticleSystems":true,"showVisualEffectGraphs":true,"m_FxEnabled":true},"in2DMode":false,"pivot":{"x":11.550000190734864,"y":1.5200002193450928,"z":-6.440000057220459},"rotation":{"x":-0.00231472821906209,"y":0.9662514328956604,"z":0.008697128854691983,"w":0.25745561718940737},"size":1.2164933681488038,"orthographic":true}