{"cameraMode":{"drawMode":0,"name":"Shaded","section":"Shading Mode"},"sceneLighting":true,"audioPlay":false,"sceneViewState":{"m_AlwaysRefresh":false,"showFog":true,"showSkybox":true,"showFlares":true,"showImageEffects":true,"showParticleSystems":true,"showVisualEffectGraphs":true,"m_FxEnabled":true},"in2DMode":false,"pivot":{"x":-12.034963607788086,"y":12.999391555786133,"z":1.4352383613586426},"rotation":{"x":0.1133401021361351,"y":0.8596438765525818,"z":-0.21724708378314973,"w":0.4488188922405243},"size":5.252295970916748,"orthographic":true}