{"cameraMode":{"drawMode":0,"name":"Shaded","section":"Shading Mode"},"sceneLighting":true,"audioPlay":false,"sceneViewState":{"m_AlwaysRefresh":false,"showFog":true,"showSkybox":true,"showFlares":true,"showImageEffects":true,"showParticleSystems":true,"showVisualEffectGraphs":true,"m_FxEnabled":true},"in2DMode":false,"pivot":{"x":0.16900634765625,"y":1.507293701171875,"z":-0.006548881530761719},"rotation":{"x":-0.07796583324670792,"y":0.18964014947414399,"z":-0.01510867290198803,"w":-0.9786383509635925},"size":13.524641990661621,"orthographic":true}