{"cameraMode":{"drawMode":0,"name":"Shaded","section":"Shading Mode"},"sceneLighting":true,"audioPlay":false,"sceneViewState":{"m_AlwaysRefresh":false,"showFog":true,"showSkybox":true,"showFlares":true,"showImageEffects":true,"showParticleSystems":true,"showVisualEffectGraphs":true,"m_FxEnabled":true},"in2DMode":false,"pivot":{"x":4.219940185546875,"y":2.787170171737671,"z":-5.061540603637695},"rotation":{"x":0.00022028287639841437,"y":0.9991539120674133,"z":-0.005393664818257093,"w":0.040784530341625217},"size":3.0997416973114015,"orthographic":true}